user_id,user_type,registration_date,preferred_hours,preferred_days,avg_rentals_per_month
U0001,periodic,2022-10-22,"10,11,12,13,14,15,16",weekday,4
U0002,rare,2022-04-28,"7,8,9",weekday,2
U0003,rare,2023-09-22,"7,8,9",weekend,3
U0004,periodic,2023-07-22,"7,8,17,18,19",weekend,7
U0005,frequent,2023-06-08,"7,8,9,12,13,17,18,19",weekday,32
U0006,frequent,2022-12-18,"7,8,9,17,18,19",weekday,30
U0007,frequent,2022-10-03,"7,8,9,12,13,17,18,19",weekday,15
U0008,rare,2022-09-02,"7,8,9",weekend,4
U0009,periodic,2024-07-19,"10,11,12,13,14,15,16",all,6
U0010,rare,2022-05-12,"10,11,12,13,14",weekend,3
U0011,frequent,2022-05-08,"7,8,9,12,13,17,18,19",weekday,35
U0012,rare,2022-09-15,"7,8,9",weekend,1
U0013,rare,2023-05-29,"16,17,18,19,20",weekend,2
U0014,periodic,2023-06-27,"7,8,17,18,19",weekday,9
U0015,frequent,2025-01-05,"7,8,9,17,18,19",weekday,22
U0016,frequent,2022-05-01,"9,10,11,12,13,14,15,16,17,18,19,20",weekday,17
U0017,periodic,2023-04-19,"10,11,12,13,14,15,16",all,5
U0018,periodic,2024-07-14,"10,11,12,13,14,15,16",all,9
U0019,periodic,2023-06-02,"10,11,12,13,14,15,16",weekday,11
U0020,periodic,2024-09-12,"7,8,17,18,19",weekday,4
U0021,periodic,2023-09-28,"10,11,12,13,14,15,16",weekday,8
U0022,frequent,2022-03-21,"7,8,9,12,13,17,18,19",all,18
U0023,periodic,2023-01-28,"7,8,17,18,19",all,7
U0024,periodic,2024-07-20,"7,8,17,18,19",all,5
U0025,periodic,2024-02-02,"7,8,17,18,19",all,9
U0026,rare,2023-09-28,"7,8,9",weekend,3
U0027,frequent,2023-01-20,"7,8,9,12,13,17,18,19",weekday,37
U0028,periodic,2023-05-22,"7,8,17,18,19",weekend,5
U0029,periodic,2024-01-26,"7,8,17,18,19",weekend,4
U0030,frequent,2022-10-03,"7,8,9,12,13,17,18,19",all,13
U0031,periodic,2022-09-13,"10,11,12,13,14,15,16",weekday,10
U0032,frequent,2024-04-24,"7,8,9,17,18,19",weekday,26
U0033,frequent,2022-09-22,"9,10,11,12,13,14,15,16,17,18,19,20",weekday,35
U0034,rare,2024-03-12,"10,11,12,13,14",all,4
U0035,rare,2024-02-10,"7,8,9",weekday,2
U0036,rare,2023-08-31,"16,17,18,19,20",weekend,4
U0037,periodic,2022-06-04,"7,8,17,18,19",weekday,11
U0038,frequent,2024-10-03,"9,10,11,12,13,14,15,16,17,18,19,20",weekday,40
U0039,periodic,2022-11-18,"10,11,12,13,14,15,16",weekend,10
U0040,periodic,2024-04-21,"10,11,12,13,14,15,16",weekend,9
U0041,frequent,2022-08-16,"7,8,9,17,18,19",weekday,29
U0042,periodic,2023-10-29,"7,8,17,18,19",all,10
U0043,frequent,2024-03-17,"9,10,11,12,13,14,15,16,17,18,19,20",weekday,15
U0044,rare,2023-04-05,"10,11,12,13,14",weekend,4
U0045,periodic,2022-07-28,"7,8,17,18,19",all,7
U0046,periodic,2022-06-09,"7,8,17,18,19",weekend,6
U0047,periodic,2023-06-17,"7,8,17,18,19",weekend,11
U0048,periodic,2023-10-21,"10,11,12,13,14,15,16",weekday,5
U0049,periodic,2022-08-18,"7,8,17,18,19",all,4
U0050,frequent,2023-06-27,"7,8,9,17,18,19",weekday,21
U0051,rare,2022-09-30,"7,8,9",weekday,1
U0052,rare,2024-04-24,"10,11,12,13,14",weekend,3
U0053,rare,2023-09-28,"10,11,12,13,14",weekend,3
U0054,rare,2024-09-21,"7,8,9",weekend,1
U0055,periodic,2024-03-24,"10,11,12,13,14,15,16",weekday,5
U0056,rare,2023-02-04,"10,11,12,13,14",weekday,3
U0057,frequent,2024-04-04,"9,10,11,12,13,14,15,16,17,18,19,20",weekday,17
U0058,frequent,2024-03-04,"7,8,9,17,18,19",all,40
U0059,frequent,2023-05-11,"7,8,9,17,18,19",weekday,24
U0060,periodic,2023-09-05,"10,11,12,13,14,15,16",weekend,6
U0061,periodic,2022-08-01,"7,8,17,18,19",weekend,5
U0062,periodic,2023-02-21,"7,8,17,18,19",weekday,12
U0063,rare,2025-03-05,"7,8,9",weekend,1
U0064,periodic,2023-07-22,"10,11,12,13,14,15,16",weekday,9
U0065,periodic,2023-02-05,"10,11,12,13,14,15,16",weekend,11
U0066,periodic,2024-10-09,"7,8,17,18,19",all,4
U0067,frequent,2024-04-23,"7,8,9,17,18,19",all,25
U0068,rare,2023-09-11,"16,17,18,19,20",weekend,2
U0069,frequent,2023-05-31,"7,8,9,17,18,19",weekday,31
U0070,rare,2024-01-01,"7,8,9",all,4
U0071,rare,2022-06-30,"16,17,18,19,20",all,2
U0072,frequent,2023-06-20,"7,8,9,12,13,17,18,19",all,13
U0073,frequent,2022-05-12,"7,8,9,12,13,17,18,19",weekday,15
U0074,rare,2023-12-14,"7,8,9",weekend,3
U0075,rare,2024-06-06,"10,11,12,13,14",weekend,2
U0076,rare,2023-09-07,"7,8,9",weekday,2
U0077,rare,2022-07-21,"10,11,12,13,14",weekend,4
U0078,frequent,2023-05-14,"7,8,9,12,13,17,18,19",weekday,34
U0079,periodic,2023-12-12,"7,8,17,18,19",weekday,12
U0080,frequent,2023-05-17,"7,8,9,17,18,19",all,35
U0081,rare,2024-12-24,"7,8,9",weekend,3
U0082,periodic,2024-05-26,"10,11,12,13,14,15,16",all,8
U0083,periodic,2024-10-02,"7,8,17,18,19",weekday,8
U0084,frequent,2022-12-25,"9,10,11,12,13,14,15,16,17,18,19,20",weekday,19
U0085,periodic,2023-09-01,"7,8,17,18,19",weekday,5
U0086,periodic,2022-12-18,"10,11,12,13,14,15,16",all,4
U0087,rare,2023-07-26,"10,11,12,13,14",weekend,4
U0088,periodic,2023-08-28,"10,11,12,13,14,15,16",weekday,12
U0089,rare,2024-08-01,"16,17,18,19,20",weekend,4
U0090,periodic,2024-06-02,"7,8,17,18,19",all,6
U0091,frequent,2024-03-18,"7,8,9,17,18,19",weekday,13
U0092,rare,2023-05-31,"16,17,18,19,20",weekday,3
U0093,rare,2022-12-16,"7,8,9",weekend,1
U0094,periodic,2025-01-14,"7,8,17,18,19",weekend,10
U0095,rare,2024-12-12,"10,11,12,13,14",weekend,1
U0096,periodic,2022-09-10,"7,8,17,18,19",all,8
U0097,periodic,2022-06-12,"10,11,12,13,14,15,16",all,11
U0098,periodic,2022-10-18,"10,11,12,13,14,15,16",all,7
U0099,frequent,2023-01-15,"7,8,9,12,13,17,18,19",all,15
U0100,frequent,2023-01-29,"7,8,9,12,13,17,18,19",all,12
U0101,frequent,2024-07-19,"7,8,9,12,13,17,18,19",weekday,18
U0102,periodic,2022-07-16,"10,11,12,13,14,15,16",weekday,6
U0103,periodic,2024-05-04,"7,8,17,18,19",weekday,8
U0104,periodic,2024-04-27,"7,8,17,18,19",all,5
U0105,rare,2024-10-21,"7,8,9",weekend,4
U0106,periodic,2025-02-23,"7,8,17,18,19",weekday,5
U0107,periodic,2023-08-04,"7,8,17,18,19",weekday,8
U0108,rare,2022-03-31,"10,11,12,13,14",weekend,4
U0109,periodic,2022-10-28,"10,11,12,13,14,15,16",weekend,11
U0110,frequent,2023-09-05,"9,10,11,12,13,14,15,16,17,18,19,20",weekday,27
U0111,periodic,2024-02-02,"10,11,12,13,14,15,16",weekend,8
U0112,frequent,2022-10-22,"9,10,11,12,13,14,15,16,17,18,19,20",weekday,14
U0113,rare,2023-10-30,"16,17,18,19,20",all,4
U0114,rare,2024-08-14,"16,17,18,19,20",weekday,2
U0115,periodic,2023-01-25,"7,8,17,18,19",weekday,9
U0116,rare,2024-09-22,"16,17,18,19,20",weekday,4
U0117,rare,2022-03-14,"16,17,18,19,20",weekend,3
U0118,frequent,2023-08-29,"7,8,9,12,13,17,18,19",weekday,17
U0119,rare,2024-12-27,"16,17,18,19,20",weekend,4
U0120,periodic,2023-03-08,"7,8,17,18,19",weekend,4
U0121,rare,2025-01-10,"7,8,9",weekend,3
U0122,rare,2022-10-11,"16,17,18,19,20",weekend,4
U0123,periodic,2023-11-09,"10,11,12,13,14,15,16",weekend,11
U0124,frequent,2025-01-10,"9,10,11,12,13,14,15,16,17,18,19,20",all,20
U0125,periodic,2023-04-19,"10,11,12,13,14,15,16",weekend,7
U0126,periodic,2023-01-15,"10,11,12,13,14,15,16",all,8
U0127,rare,2024-04-11,"7,8,9",weekend,1
U0128,rare,2023-02-01,"16,17,18,19,20",all,2
U0129,frequent,2025-02-26,"9,10,11,12,13,14,15,16,17,18,19,20",weekday,36
U0130,periodic,2022-03-09,"7,8,17,18,19",weekday,5
U0131,periodic,2023-12-31,"7,8,17,18,19",all,5
U0132,periodic,2024-12-02,"7,8,17,18,19",all,9
U0133,frequent,2022-04-16,"7,8,9,17,18,19",all,37
U0134,periodic,2022-10-23,"10,11,12,13,14,15,16",weekday,12
U0135,rare,2024-03-20,"7,8,9",weekend,4
U0136,periodic,2023-11-27,"7,8,17,18,19",weekend,7
U0137,periodic,2023-07-11,"10,11,12,13,14,15,16",all,12
U0138,rare,2022-07-04,"7,8,9",weekend,1
U0139,periodic,2023-07-14,"10,11,12,13,14,15,16",all,10
U0140,rare,2022-08-16,"16,17,18,19,20",weekend,4
U0141,rare,2022-08-30,"7,8,9",weekend,4
U0142,periodic,2024-11-27,"10,11,12,13,14,15,16",weekend,7
U0143,periodic,2022-07-27,"10,11,12,13,14,15,16",weekend,11
U0144,periodic,2025-03-02,"7,8,17,18,19",all,8
U0145,periodic,2022-11-20,"10,11,12,13,14,15,16",weekend,5
U0146,frequent,2022-11-25,"7,8,9,17,18,19",weekday,24
U0147,periodic,2024-11-05,"10,11,12,13,14,15,16",weekday,4
U0148,periodic,2023-02-09,"7,8,17,18,19",all,12
U0149,frequent,2023-09-01,"7,8,9,12,13,17,18,19",all,30
U0150,periodic,2025-02-20,"7,8,17,18,19",weekday,12
U0151,rare,2024-07-21,"16,17,18,19,20",weekend,2
U0152,periodic,2023-05-15,"7,8,17,18,19",all,5
U0153,frequent,2023-04-23,"9,10,11,12,13,14,15,16,17,18,19,20",all,36
U0154,periodic,2023-12-06,"7,8,17,18,19",weekend,11
U0155,rare,2024-06-02,"7,8,9",weekend,2
U0156,periodic,2024-04-10,"7,8,17,18,19",weekday,6
U0157,periodic,2024-08-21,"7,8,17,18,19",all,7
U0158,rare,2025-01-30,"7,8,9",weekday,2
U0159,periodic,2024-09-17,"7,8,17,18,19",weekday,6
U0160,rare,2022-11-10,"7,8,9",all,1
U0161,periodic,2023-07-28,"10,11,12,13,14,15,16",weekday,10
U0162,periodic,2023-06-11,"10,11,12,13,14,15,16",weekday,5
U0163,periodic,2022-07-17,"7,8,17,18,19",all,10
U0164,periodic,2024-01-29,"10,11,12,13,14,15,16",weekday,7
U0165,frequent,2022-04-20,"7,8,9,17,18,19",all,38
U0166,rare,2023-06-22,"10,11,12,13,14",all,2
U0167,periodic,2023-06-02,"7,8,17,18,19",weekday,8
U0168,frequent,2022-03-22,"7,8,9,12,13,17,18,19",weekday,22
U0169,frequent,2022-07-31,"7,8,9,17,18,19",weekday,35
U0170,periodic,2022-07-06,"10,11,12,13,14,15,16",all,5
U0171,periodic,2023-06-19,"7,8,17,18,19",weekend,5
U0172,frequent,2022-07-24,"7,8,9,12,13,17,18,19",weekday,24
U0173,periodic,2022-05-11,"10,11,12,13,14,15,16",all,12
U0174,periodic,2024-01-13,"10,11,12,13,14,15,16",weekend,10
U0175,periodic,2022-07-31,"7,8,17,18,19",weekend,12
U0176,frequent,2025-01-23,"7,8,9,17,18,19",all,22
U0177,periodic,2023-07-08,"7,8,17,18,19",weekday,8
U0178,periodic,2023-09-29,"10,11,12,13,14,15,16",all,12
U0179,rare,2024-11-26,"7,8,9",all,4
U0180,frequent,2023-05-20,"7,8,9,17,18,19",weekday,39
U0181,periodic,2022-12-03,"10,11,12,13,14,15,16",weekend,4
U0182,frequent,2024-10-31,"7,8,9,12,13,17,18,19",weekday,37
U0183,rare,2023-07-18,"7,8,9",weekend,4
U0184,rare,2024-10-31,"16,17,18,19,20",all,1
U0185,periodic,2024-06-18,"10,11,12,13,14,15,16",weekend,10
U0186,periodic,2023-04-01,"10,11,12,13,14,15,16",weekday,6
U0187,rare,2022-09-17,"7,8,9",all,2
U0188,periodic,2022-09-22,"10,11,12,13,14,15,16",weekend,5
U0189,periodic,2024-08-06,"10,11,12,13,14,15,16",weekday,5
U0190,periodic,2024-03-02,"10,11,12,13,14,15,16",weekend,5
U0191,frequent,2024-07-22,"7,8,9,12,13,17,18,19",weekday,37
U0192,rare,2024-06-26,"7,8,9",weekend,3
U0193,rare,2024-10-19,"7,8,9",weekend,3
U0194,periodic,2022-06-26,"10,11,12,13,14,15,16",all,10
U0195,periodic,2022-09-25,"10,11,12,13,14,15,16",all,8
U0196,periodic,2022-07-10,"7,8,17,18,19",weekend,10
U0197,rare,2024-06-09,"10,11,12,13,14",weekend,4
U0198,rare,2024-01-31,"10,11,12,13,14",weekday,4
U0199,rare,2022-10-17,"10,11,12,13,14",weekday,1
U0200,rare,2023-07-30,"16,17,18,19,20",weekend,2
U0201,periodic,2023-04-04,"7,8,17,18,19",weekend,8
U0202,frequent,2023-04-01,"7,8,9,12,13,17,18,19",all,24
U0203,frequent,2024-09-11,"7,8,9,17,18,19",weekday,16
U0204,rare,2022-12-20,"10,11,12,13,14",all,4
U0205,periodic,2024-07-19,"10,11,12,13,14,15,16",weekend,4
U0206,frequent,2023-03-18,"7,8,9,17,18,19",weekday,24
U0207,frequent,2023-09-29,"7,8,9,17,18,19",weekday,40
U0208,periodic,2024-10-10,"7,8,17,18,19",weekend,9
U0209,frequent,2023-08-01,"9,10,11,12,13,14,15,16,17,18,19,20",weekday,34
U0210,frequent,2022-08-09,"9,10,11,12,13,14,15,16,17,18,19,20",all,19
U0211,periodic,2024-08-31,"10,11,12,13,14,15,16",weekday,4
U0212,periodic,2022-09-24,"7,8,17,18,19",weekday,11
U0213,periodic,2022-06-19,"10,11,12,13,14,15,16",weekday,8
U0214,periodic,2022-04-07,"10,11,12,13,14,15,16",weekday,9
U0215,rare,2022-09-15,"10,11,12,13,14",weekend,1
U0216,periodic,2023-07-05,"7,8,17,18,19",all,9
U0217,periodic,2023-02-11,"7,8,17,18,19",all,8
U0218,rare,2024-06-17,"7,8,9",weekend,3
U0219,periodic,2024-11-26,"10,11,12,13,14,15,16",weekday,8
U0220,rare,2024-11-17,"7,8,9",weekend,4
U0221,periodic,2023-05-19,"10,11,12,13,14,15,16",weekend,5
U0222,periodic,2024-06-06,"10,11,12,13,14,15,16",all,7
U0223,frequent,2022-07-06,"7,8,9,12,13,17,18,19",weekday,16
U0224,periodic,2023-02-08,"10,11,12,13,14,15,16",all,8
U0225,periodic,2024-04-22,"7,8,17,18,19",weekend,11
U0226,periodic,2022-03-12,"10,11,12,13,14,15,16",weekend,9
U0227,rare,2024-05-15,"7,8,9",weekend,3
U0228,periodic,2023-09-02,"7,8,17,18,19",weekend,10
U0229,rare,2024-09-24,"10,11,12,13,14",weekend,1
U0230,periodic,2023-10-13,"10,11,12,13,14,15,16",weekday,7
U0231,rare,2024-07-21,"10,11,12,13,14",weekday,4
U0232,periodic,2024-11-28,"10,11,12,13,14,15,16",all,7
U0233,periodic,2023-01-19,"7,8,17,18,19",all,10
U0234,periodic,2023-03-31,"7,8,17,18,19",weekday,11
U0235,frequent,2023-11-05,"7,8,9,12,13,17,18,19",weekday,36
U0236,rare,2023-05-27,"7,8,9",weekend,3
U0237,periodic,2022-07-05,"10,11,12,13,14,15,16",weekend,4
U0238,frequent,2022-07-10,"7,8,9,17,18,19",weekday,28
U0239,periodic,2023-12-10,"10,11,12,13,14,15,16",weekend,6
U0240,frequent,2022-07-03,"7,8,9,17,18,19",weekday,14
U0241,rare,2022-06-18,"16,17,18,19,20",weekend,3
U0242,rare,2024-11-08,"16,17,18,19,20",weekend,4
U0243,rare,2024-12-31,"7,8,9",weekend,2
U0244,periodic,2025-02-27,"7,8,17,18,19",weekday,12
U0245,frequent,2023-01-24,"7,8,9,17,18,19",weekday,40
U0246,rare,2022-07-02,"10,11,12,13,14",all,1
U0247,periodic,2025-01-11,"10,11,12,13,14,15,16",all,6
U0248,rare,2022-08-19,"16,17,18,19,20",all,2
U0249,rare,2023-03-23,"10,11,12,13,14",weekend,2
U0250,rare,2022-07-26,"10,11,12,13,14",weekend,1
U0251,periodic,2022-07-25,"7,8,17,18,19",weekend,7
U0252,periodic,2023-07-02,"7,8,17,18,19",weekend,4
U0253,rare,2024-06-11,"7,8,9",all,4
U0254,periodic,2022-11-08,"10,11,12,13,14,15,16",weekend,4
U0255,frequent,2023-07-25,"9,10,11,12,13,14,15,16,17,18,19,20",weekday,23
U0256,periodic,2022-05-28,"7,8,17,18,19",weekend,7
U0257,rare,2022-08-22,"16,17,18,19,20",weekday,3
U0258,periodic,2024-07-13,"7,8,17,18,19",weekend,9
U0259,periodic,2025-02-10,"7,8,17,18,19",weekend,11
U0260,frequent,2023-12-15,"7,8,9,12,13,17,18,19",weekday,28
U0261,periodic,2023-08-24,"7,8,17,18,19",all,10
U0262,rare,2023-04-30,"7,8,9",weekend,1
U0263,frequent,2023-12-11,"7,8,9,12,13,17,18,19",weekday,33
U0264,periodic,2023-07-09,"10,11,12,13,14,15,16",weekend,4
U0265,rare,2023-09-02,"16,17,18,19,20",all,2
U0266,rare,2024-05-26,"7,8,9",all,3
U0267,periodic,2022-12-01,"10,11,12,13,14,15,16",all,11
U0268,rare,2023-11-12,"16,17,18,19,20",all,4
U0269,periodic,2024-09-29,"7,8,17,18,19",weekend,6
U0270,periodic,2023-12-15,"10,11,12,13,14,15,16",weekend,11
U0271,rare,2022-08-03,"10,11,12,13,14",all,3
U0272,rare,2022-03-27,"16,17,18,19,20",weekend,3
U0273,rare,2024-10-01,"16,17,18,19,20",weekday,2
U0274,rare,2022-09-28,"16,17,18,19,20",weekend,3
U0275,periodic,2022-08-05,"10,11,12,13,14,15,16",all,5
U0276,periodic,2023-05-18,"10,11,12,13,14,15,16",weekday,8
U0277,rare,2025-01-07,"16,17,18,19,20",weekday,1
U0278,periodic,2023-09-02,"10,11,12,13,14,15,16",all,10
U0279,rare,2022-12-04,"10,11,12,13,14",weekend,1
U0280,rare,2024-02-20,"7,8,9",all,2
U0281,rare,2022-07-26,"7,8,9",weekday,2
U0282,periodic,2023-07-21,"7,8,17,18,19",weekend,7
U0283,periodic,2024-04-02,"10,11,12,13,14,15,16",all,7
U0284,frequent,2023-10-12,"7,8,9,17,18,19",weekday,33
U0285,periodic,2023-01-25,"10,11,12,13,14,15,16",all,7
U0286,frequent,2024-08-21,"9,10,11,12,13,14,15,16,17,18,19,20",weekday,20
U0287,periodic,2023-11-17,"7,8,17,18,19",weekend,10
U0288,periodic,2025-02-23,"10,11,12,13,14,15,16",all,12
U0289,periodic,2022-03-24,"10,11,12,13,14,15,16",weekday,4
U0290,periodic,2023-11-11,"10,11,12,13,14,15,16",all,4
U0291,frequent,2022-10-06,"7,8,9,17,18,19",weekday,27
U0292,frequent,2022-12-08,"9,10,11,12,13,14,15,16,17,18,19,20",weekday,16
U0293,rare,2023-08-31,"16,17,18,19,20",weekend,2
U0294,periodic,2022-10-30,"7,8,17,18,19",all,4
U0295,frequent,2022-10-13,"7,8,9,17,18,19",weekday,19
U0296,periodic,2023-01-20,"10,11,12,13,14,15,16",weekend,8
U0297,rare,2023-09-16,"7,8,9",weekend,3
U0298,periodic,2023-10-06,"10,11,12,13,14,15,16",all,8
U0299,periodic,2023-05-13,"10,11,12,13,14,15,16",weekend,10
U0300,frequent,2024-02-08,"7,8,9,17,18,19",weekday,40
U0301,frequent,2023-04-28,"7,8,9,12,13,17,18,19",all,24
U0302,periodic,2023-08-30,"10,11,12,13,14,15,16",weekend,9
U0303,periodic,2025-01-06,"7,8,17,18,19",all,11
U0304,periodic,2024-12-02,"7,8,17,18,19",all,8
U0305,rare,2023-08-04,"10,11,12,13,14",weekend,2
U0306,rare,2022-06-20,"7,8,9",weekday,4
U0307,periodic,2022-09-13,"7,8,17,18,19",weekday,8
U0308,periodic,2024-07-22,"10,11,12,13,14,15,16",all,12
U0309,rare,2023-09-25,"10,11,12,13,14",weekday,4
U0310,periodic,2022-06-06,"7,8,17,18,19",all,5
U0311,periodic,2022-03-15,"10,11,12,13,14,15,16",all,4
U0312,frequent,2024-01-20,"7,8,9,17,18,19",weekday,28
U0313,frequent,2022-11-30,"7,8,9,17,18,19",all,33
U0314,rare,2023-08-26,"16,17,18,19,20",all,3
U0315,rare,2023-02-01,"16,17,18,19,20",all,3
U0316,periodic,2024-08-28,"7,8,17,18,19",weekend,8
U0317,periodic,2024-07-30,"7,8,17,18,19",weekday,5
U0318,frequent,2022-03-27,"7,8,9,17,18,19",weekday,27
U0319,frequent,2022-10-23,"7,8,9,12,13,17,18,19",weekday,14
U0320,periodic,2022-08-09,"7,8,17,18,19",all,9
U0321,periodic,2023-01-07,"10,11,12,13,14,15,16",all,8
U0322,rare,2022-05-20,"10,11,12,13,14",weekend,3
U0323,periodic,2024-04-02,"7,8,17,18,19",all,8
U0324,periodic,2023-01-05,"7,8,17,18,19",all,8
U0325,rare,2024-08-04,"7,8,9",weekend,3
U0326,rare,2022-11-24,"7,8,9",weekend,2
U0327,periodic,2022-06-01,"7,8,17,18,19",weekend,6
U0328,periodic,2023-11-29,"10,11,12,13,14,15,16",weekend,12
U0329,periodic,2024-03-23,"7,8,17,18,19",all,7
U0330,periodic,2022-05-28,"7,8,17,18,19",all,4
U0331,periodic,2024-03-09,"10,11,12,13,14,15,16",all,10
U0332,rare,2023-05-12,"16,17,18,19,20",weekend,3
U0333,frequent,2023-08-01,"7,8,9,17,18,19",weekday,33
U0334,frequent,2022-10-04,"7,8,9,12,13,17,18,19",weekday,16
U0335,frequent,2024-03-01,"7,8,9,17,18,19",weekday,35
U0336,frequent,2024-06-17,"7,8,9,12,13,17,18,19",weekday,12
U0337,rare,2023-01-18,"10,11,12,13,14",weekday,4
U0338,rare,2023-07-05,"7,8,9",weekday,3
U0339,periodic,2023-02-03,"7,8,17,18,19",weekend,8
U0340,frequent,2023-03-05,"9,10,11,12,13,14,15,16,17,18,19,20",weekday,25
U0341,periodic,2024-06-29,"7,8,17,18,19",weekend,10
U0342,periodic,2022-04-27,"10,11,12,13,14,15,16",weekday,10
U0343,frequent,2023-03-10,"7,8,9,17,18,19",weekday,35
U0344,periodic,2024-01-17,"7,8,17,18,19",weekend,4
U0345,periodic,2024-06-28,"10,11,12,13,14,15,16",weekend,7
U0346,periodic,2023-07-29,"10,11,12,13,14,15,16",weekday,9
U0347,periodic,2023-09-05,"7,8,17,18,19",weekend,7
U0348,frequent,2023-01-28,"7,8,9,17,18,19",all,33
U0349,periodic,2022-10-15,"7,8,17,18,19",weekend,12
U0350,periodic,2024-04-29,"10,11,12,13,14,15,16",weekend,11
U0351,periodic,2022-05-26,"10,11,12,13,14,15,16",weekday,9
U0352,rare,2024-10-26,"7,8,9",weekend,3
U0353,periodic,2023-06-06,"10,11,12,13,14,15,16",all,6
U0354,frequent,2023-04-20,"7,8,9,12,13,17,18,19",weekday,38
U0355,frequent,2024-10-05,"7,8,9,12,13,17,18,19",all,33
U0356,periodic,2024-02-22,"10,11,12,13,14,15,16",all,12
U0357,frequent,2023-11-23,"7,8,9,12,13,17,18,19",weekday,17
U0358,periodic,2023-06-17,"7,8,17,18,19",weekday,8
U0359,rare,2023-06-07,"10,11,12,13,14",weekday,1
U0360,periodic,2022-04-25,"10,11,12,13,14,15,16",all,11
U0361,periodic,2023-04-07,"7,8,17,18,19",weekday,6
U0362,periodic,2024-06-01,"7,8,17,18,19",all,8
U0363,periodic,2024-01-09,"10,11,12,13,14,15,16",weekday,12
U0364,periodic,2023-09-29,"10,11,12,13,14,15,16",weekend,6
U0365,rare,2022-07-28,"16,17,18,19,20",weekend,3
U0366,periodic,2023-09-30,"7,8,17,18,19",weekend,5
U0367,rare,2024-02-25,"16,17,18,19,20",weekend,2
U0368,rare,2025-01-14,"10,11,12,13,14",weekend,3
U0369,frequent,2024-06-03,"9,10,11,12,13,14,15,16,17,18,19,20",weekday,19
U0370,frequent,2024-01-15,"9,10,11,12,13,14,15,16,17,18,19,20",weekday,35
U0371,frequent,2022-05-03,"7,8,9,12,13,17,18,19",weekday,39
U0372,frequent,2022-10-30,"7,8,9,12,13,17,18,19",weekday,21
U0373,frequent,2023-08-24,"9,10,11,12,13,14,15,16,17,18,19,20",weekday,25
U0374,periodic,2023-03-08,"7,8,17,18,19",weekday,9
U0375,frequent,2023-09-02,"7,8,9,17,18,19",weekday,23
U0376,periodic,2022-05-25,"10,11,12,13,14,15,16",weekend,8
U0377,rare,2022-10-16,"10,11,12,13,14",weekend,3
U0378,frequent,2024-08-13,"7,8,9,17,18,19",all,26
U0379,rare,2024-02-13,"16,17,18,19,20",weekend,1
U0380,periodic,2023-12-10,"10,11,12,13,14,15,16",all,11
U0381,frequent,2024-08-17,"9,10,11,12,13,14,15,16,17,18,19,20",all,13
U0382,periodic,2025-01-18,"7,8,17,18,19",weekday,5
U0383,periodic,2022-10-30,"7,8,17,18,19",all,11
U0384,rare,2024-05-04,"10,11,12,13,14",weekend,2
U0385,rare,2023-04-01,"16,17,18,19,20",weekday,1
U0386,rare,2023-08-11,"10,11,12,13,14",weekend,4
U0387,periodic,2022-06-06,"10,11,12,13,14,15,16",weekday,12
U0388,frequent,2024-08-17,"7,8,9,12,13,17,18,19",weekday,21
U0389,rare,2022-03-11,"10,11,12,13,14",weekend,4
U0390,rare,2025-02-04,"16,17,18,19,20",all,1
U0391,rare,2023-04-15,"10,11,12,13,14",weekend,2
U0392,periodic,2024-03-22,"10,11,12,13,14,15,16",all,6
U0393,periodic,2024-08-07,"7,8,17,18,19",weekend,7
U0394,rare,2022-07-29,"7,8,9",weekend,3
U0395,periodic,2024-01-13,"7,8,17,18,19",weekend,10
U0396,rare,2023-12-10,"10,11,12,13,14",weekend,4
U0397,rare,2022-11-18,"10,11,12,13,14",weekend,2
U0398,periodic,2023-11-13,"10,11,12,13,14,15,16",weekday,9
U0399,rare,2025-01-09,"16,17,18,19,20",all,2
U0400,rare,2023-12-01,"7,8,9",weekday,1
U0401,frequent,2024-06-21,"9,10,11,12,13,14,15,16,17,18,19,20",weekday,27
U0402,rare,2024-01-05,"7,8,9",weekend,3
U0403,periodic,2024-06-09,"10,11,12,13,14,15,16",weekday,6
U0404,rare,2023-11-03,"7,8,9",weekend,3
U0405,periodic,2022-11-23,"10,11,12,13,14,15,16",weekday,4
U0406,rare,2023-04-04,"10,11,12,13,14",weekend,1
U0407,periodic,2024-07-16,"10,11,12,13,14,15,16",weekday,11
U0408,frequent,2024-04-22,"7,8,9,17,18,19",weekday,20
U0409,rare,2023-02-27,"7,8,9",weekend,2
U0410,frequent,2023-11-14,"9,10,11,12,13,14,15,16,17,18,19,20",weekday,36
U0411,periodic,2024-06-16,"7,8,17,18,19",weekend,6
U0412,rare,2022-03-08,"16,17,18,19,20",weekend,2
U0413,rare,2023-11-20,"10,11,12,13,14",weekend,4
U0414,periodic,2023-10-16,"7,8,17,18,19",all,5
U0415,periodic,2023-05-12,"10,11,12,13,14,15,16",all,6
U0416,periodic,2024-08-04,"10,11,12,13,14,15,16",all,10
U0417,periodic,2023-12-27,"10,11,12,13,14,15,16",weekday,10
U0418,periodic,2024-10-15,"7,8,17,18,19",all,10
U0419,periodic,2024-08-28,"7,8,17,18,19",weekday,10
U0420,rare,2024-08-29,"10,11,12,13,14",weekend,4
U0421,rare,2023-05-19,"10,11,12,13,14",weekend,4
U0422,rare,2025-01-17,"16,17,18,19,20",weekend,1
U0423,frequent,2024-11-01,"7,8,9,17,18,19",weekday,13
U0424,periodic,2023-02-18,"7,8,17,18,19",weekday,12
U0425,frequent,2022-08-28,"7,8,9,17,18,19",all,18
U0426,periodic,2023-10-10,"10,11,12,13,14,15,16",weekday,9
U0427,periodic,2025-01-26,"10,11,12,13,14,15,16",weekend,4
U0428,rare,2024-01-23,"16,17,18,19,20",weekend,3
U0429,periodic,2022-09-15,"10,11,12,13,14,15,16",weekend,12
U0430,frequent,2023-07-02,"7,8,9,17,18,19",all,18
U0431,frequent,2023-12-03,"7,8,9,12,13,17,18,19",weekday,12
U0432,rare,2023-06-11,"10,11,12,13,14",weekend,1
U0433,periodic,2023-04-19,"7,8,17,18,19",all,7
U0434,frequent,2023-01-03,"7,8,9,17,18,19",weekday,19
U0435,frequent,2022-04-27,"7,8,9,12,13,17,18,19",all,34
U0436,rare,2022-06-10,"10,11,12,13,14",weekend,3
U0437,frequent,2023-07-22,"7,8,9,12,13,17,18,19",weekday,21
U0438,rare,2024-11-05,"16,17,18,19,20",weekend,2
U0439,rare,2022-08-04,"7,8,9",weekday,1
U0440,frequent,2024-09-25,"7,8,9,17,18,19",weekday,24
U0441,frequent,2024-07-03,"7,8,9,17,18,19",weekday,28
U0442,rare,2023-04-10,"7,8,9",weekend,3
U0443,periodic,2024-05-02,"7,8,17,18,19",weekday,6
U0444,periodic,2024-12-14,"10,11,12,13,14,15,16",weekend,5
U0445,rare,2024-06-03,"10,11,12,13,14",weekend,1
U0446,rare,2023-07-20,"16,17,18,19,20",all,3
U0447,rare,2023-01-04,"7,8,9",weekend,3
U0448,rare,2022-03-19,"16,17,18,19,20",weekend,4
U0449,periodic,2022-10-12,"7,8,17,18,19",weekday,12
U0450,frequent,2024-07-25,"7,8,9,12,13,17,18,19",weekday,31
U0451,rare,2023-05-30,"7,8,9",weekend,3
U0452,periodic,2023-03-03,"10,11,12,13,14,15,16",weekend,10
U0453,periodic,2025-01-31,"10,11,12,13,14,15,16",all,6
U0454,rare,2024-10-14,"10,11,12,13,14",weekday,3
U0455,frequent,2022-06-18,"7,8,9,12,13,17,18,19",all,40
U0456,periodic,2023-07-31,"10,11,12,13,14,15,16",weekend,11
U0457,frequent,2022-11-11,"7,8,9,17,18,19",weekday,23
U0458,periodic,2024-09-27,"7,8,17,18,19",weekend,7
U0459,frequent,2022-12-06,"7,8,9,12,13,17,18,19",weekday,17
U0460,frequent,2024-10-14,"7,8,9,12,13,17,18,19",all,37
U0461,frequent,2025-02-27,"7,8,9,17,18,19",all,24
U0462,periodic,2023-12-17,"10,11,12,13,14,15,16",weekend,4
U0463,rare,2024-08-30,"10,11,12,13,14",weekday,2
U0464,periodic,2025-01-04,"7,8,17,18,19",weekend,7
U0465,rare,2024-07-28,"16,17,18,19,20",weekend,2
U0466,periodic,2024-09-06,"10,11,12,13,14,15,16",weekday,7
U0467,periodic,2023-01-27,"7,8,17,18,19",weekend,4
U0468,rare,2024-11-04,"16,17,18,19,20",weekday,2
U0469,periodic,2024-09-14,"7,8,17,18,19",weekday,5
U0470,rare,2023-08-20,"7,8,9",weekend,3
U0471,frequent,2023-07-27,"7,8,9,12,13,17,18,19",all,34
U0472,rare,2023-09-26,"16,17,18,19,20",all,1
U0473,frequent,2025-02-07,"9,10,11,12,13,14,15,16,17,18,19,20",weekday,24
U0474,rare,2024-11-24,"16,17,18,19,20",weekend,3
U0475,periodic,2023-07-10,"7,8,17,18,19",weekday,12
U0476,rare,2023-09-21,"16,17,18,19,20",weekday,1
U0477,frequent,2024-08-24,"9,10,11,12,13,14,15,16,17,18,19,20",weekday,31
U0478,periodic,2022-08-13,"7,8,17,18,19",all,4
U0479,rare,2023-10-14,"10,11,12,13,14",weekend,1
U0480,periodic,2023-07-01,"7,8,17,18,19",all,4
U0481,periodic,2023-09-15,"10,11,12,13,14,15,16",weekday,4
U0482,periodic,2024-01-24,"7,8,17,18,19",weekend,5
U0483,periodic,2023-12-22,"7,8,17,18,19",all,10
U0484,periodic,2022-08-20,"7,8,17,18,19",weekend,11
U0485,periodic,2022-12-16,"10,11,12,13,14,15,16",weekend,10
U0486,rare,2023-01-10,"10,11,12,13,14",weekend,1
U0487,frequent,2023-06-24,"7,8,9,12,13,17,18,19",all,29
U0488,periodic,2024-04-30,"10,11,12,13,14,15,16",all,8
U0489,rare,2023-01-14,"7,8,9",weekday,4
U0490,rare,2023-05-20,"7,8,9",weekend,2
U0491,periodic,2022-07-17,"10,11,12,13,14,15,16",weekend,7
U0492,periodic,2024-07-04,"7,8,17,18,19",weekday,4
U0493,periodic,2024-06-19,"10,11,12,13,14,15,16",weekend,8
U0494,frequent,2024-01-14,"7,8,9,12,13,17,18,19",all,25
U0495,periodic,2024-10-17,"7,8,17,18,19",weekday,5
U0496,periodic,2024-07-06,"10,11,12,13,14,15,16",all,12
U0497,periodic,2022-07-13,"7,8,17,18,19",weekday,8
U0498,frequent,2023-05-05,"7,8,9,17,18,19",weekday,31
U0499,rare,2024-07-15,"10,11,12,13,14",weekday,2
U0500,rare,2024-05-13,"7,8,9",all,4
U0501,periodic,2022-04-17,"7,8,17,18,19",weekend,5
U0502,periodic,2024-04-25,"10,11,12,13,14,15,16",weekday,12
U0503,periodic,2024-11-08,"7,8,17,18,19",all,5
U0504,rare,2022-03-20,"7,8,9",all,3
U0505,periodic,2024-02-26,"10,11,12,13,14,15,16",weekend,5
U0506,frequent,2023-11-09,"7,8,9,12,13,17,18,19",weekday,37
U0507,rare,2024-05-14,"10,11,12,13,14",weekday,1
U0508,rare,2024-07-13,"10,11,12,13,14",weekend,4
U0509,rare,2023-06-02,"10,11,12,13,14",all,2
U0510,rare,2024-12-01,"10,11,12,13,14",weekend,2
U0511,periodic,2023-05-31,"7,8,17,18,19",weekend,8
U0512,periodic,2023-09-17,"10,11,12,13,14,15,16",weekend,12
U0513,rare,2024-08-16,"16,17,18,19,20",weekend,2
U0514,rare,2024-11-26,"7,8,9",weekday,3
U0515,frequent,2022-05-06,"7,8,9,17,18,19",all,34
U0516,frequent,2024-05-12,"7,8,9,12,13,17,18,19",weekday,25
U0517,periodic,2024-01-25,"10,11,12,13,14,15,16",all,8
U0518,rare,2024-06-13,"10,11,12,13,14",weekday,2
U0519,rare,2023-02-09,"7,8,9",all,1
U0520,frequent,2024-10-20,"7,8,9,12,13,17,18,19",weekday,29
U0521,periodic,2022-11-24,"10,11,12,13,14,15,16",weekend,11
U0522,periodic,2025-03-05,"7,8,17,18,19",weekday,7
U0523,rare,2022-05-02,"10,11,12,13,14",weekend,4
U0524,rare,2024-05-22,"10,11,12,13,14",weekend,3
U0525,rare,2022-05-02,"10,11,12,13,14",weekend,2
U0526,periodic,2022-08-26,"7,8,17,18,19",all,4
U0527,periodic,2024-08-01,"10,11,12,13,14,15,16",all,4
U0528,periodic,2022-12-10,"10,11,12,13,14,15,16",weekday,5
U0529,frequent,2024-10-08,"7,8,9,12,13,17,18,19",weekday,15
U0530,rare,2023-03-15,"16,17,18,19,20",weekend,4
U0531,rare,2022-06-18,"7,8,9",weekend,2
U0532,rare,2023-08-22,"16,17,18,19,20",weekday,1
U0533,rare,2024-04-22,"10,11,12,13,14",weekend,1
U0534,periodic,2024-01-07,"7,8,17,18,19",all,5
U0535,rare,2023-05-15,"16,17,18,19,20",all,3
U0536,rare,2024-09-24,"7,8,9",weekend,2
U0537,rare,2024-01-06,"16,17,18,19,20",weekday,4
U0538,periodic,2024-01-28,"10,11,12,13,14,15,16",weekend,8
U0539,periodic,2024-04-22,"10,11,12,13,14,15,16",weekend,8
U0540,frequent,2023-09-28,"7,8,9,17,18,19",weekday,26
U0541,rare,2024-07-18,"7,8,9",weekday,1
U0542,periodic,2023-08-06,"10,11,12,13,14,15,16",all,5
U0543,periodic,2022-08-22,"10,11,12,13,14,15,16",weekday,6
U0544,periodic,2024-10-26,"7,8,17,18,19",all,4
U0545,periodic,2022-04-16,"7,8,17,18,19",weekend,8
U0546,periodic,2022-06-22,"10,11,12,13,14,15,16",weekday,9
U0547,frequent,2024-02-22,"7,8,9,17,18,19",all,37
U0548,periodic,2023-06-10,"7,8,17,18,19",weekend,9
U0549,periodic,2022-07-26,"10,11,12,13,14,15,16",weekday,10
U0550,rare,2022-05-29,"16,17,18,19,20",all,1
U0551,periodic,2022-05-10,"7,8,17,18,19",weekday,5
U0552,rare,2023-07-27,"7,8,9",weekend,1
U0553,periodic,2023-04-20,"7,8,17,18,19",all,4
U0554,periodic,2022-04-18,"7,8,17,18,19",weekday,6
U0555,rare,2023-01-14,"10,11,12,13,14",weekend,2
U0556,periodic,2023-07-09,"7,8,17,18,19",all,9
U0557,frequent,2022-11-21,"7,8,9,17,18,19",weekday,23
U0558,frequent,2024-11-01,"9,10,11,12,13,14,15,16,17,18,19,20",weekday,40
U0559,rare,2022-10-28,"10,11,12,13,14",weekend,4
U0560,periodic,2023-05-28,"10,11,12,13,14,15,16",all,8
U0561,rare,2024-10-15,"16,17,18,19,20",weekend,1
U0562,periodic,2023-08-14,"10,11,12,13,14,15,16",weekday,9
U0563,frequent,2024-04-01,"7,8,9,12,13,17,18,19",weekday,38
U0564,frequent,2023-02-14,"7,8,9,17,18,19",weekday,22
U0565,periodic,2022-10-28,"7,8,17,18,19",weekday,6
U0566,periodic,2023-02-06,"10,11,12,13,14,15,16",all,5
U0567,periodic,2023-12-05,"10,11,12,13,14,15,16",weekday,10
U0568,periodic,2022-10-15,"7,8,17,18,19",all,10
U0569,rare,2022-04-29,"7,8,9",weekday,4
U0570,periodic,2023-12-06,"10,11,12,13,14,15,16",weekday,8
U0571,periodic,2024-04-14,"10,11,12,13,14,15,16",all,10
U0572,rare,2024-05-28,"16,17,18,19,20",weekend,4
U0573,periodic,2023-04-18,"7,8,17,18,19",weekday,10
U0574,periodic,2022-08-10,"10,11,12,13,14,15,16",weekend,6
U0575,rare,2023-07-18,"16,17,18,19,20",all,1
U0576,rare,2022-10-02,"7,8,9",weekend,2
U0577,frequent,2023-11-15,"7,8,9,12,13,17,18,19",weekday,34
U0578,rare,2022-11-10,"7,8,9",weekday,1
U0579,periodic,2022-05-31,"7,8,17,18,19",weekday,6
U0580,periodic,2024-02-17,"10,11,12,13,14,15,16",weekend,5
U0581,periodic,2025-03-03,"7,8,17,18,19",weekend,10
U0582,rare,2024-08-01,"7,8,9",weekday,4
U0583,periodic,2024-04-04,"7,8,17,18,19",weekend,11
U0584,periodic,2022-07-27,"10,11,12,13,14,15,16",weekday,6
U0585,periodic,2025-01-07,"7,8,17,18,19",all,10
U0586,periodic,2024-02-04,"10,11,12,13,14,15,16",all,9
U0587,frequent,2022-04-02,"9,10,11,12,13,14,15,16,17,18,19,20",weekday,31
U0588,frequent,2024-07-15,"7,8,9,17,18,19",weekday,12
U0589,frequent,2024-12-05,"7,8,9,12,13,17,18,19",weekday,39
U0590,frequent,2022-10-10,"7,8,9,12,13,17,18,19",weekday,33
U0591,frequent,2024-08-11,"9,10,11,12,13,14,15,16,17,18,19,20",weekday,40
U0592,periodic,2024-03-18,"10,11,12,13,14,15,16",all,6
U0593,frequent,2024-10-04,"9,10,11,12,13,14,15,16,17,18,19,20",weekday,27
U0594,periodic,2023-01-15,"7,8,17,18,19",all,11
U0595,rare,2024-08-15,"16,17,18,19,20",weekend,1
U0596,periodic,2023-03-03,"7,8,17,18,19",weekend,10
U0597,periodic,2025-02-08,"10,11,12,13,14,15,16",all,11
U0598,frequent,2023-09-12,"7,8,9,12,13,17,18,19",weekday,13
U0599,frequent,2024-11-22,"7,8,9,12,13,17,18,19",all,14
U0600,frequent,2024-10-15,"7,8,9,17,18,19",weekday,20
U0601,frequent,2024-08-16,"7,8,9,17,18,19",weekday,32
U0602,periodic,2023-09-08,"7,8,17,18,19",weekday,9
U0603,frequent,2023-12-28,"7,8,9,17,18,19",weekday,12
U0604,frequent,2023-07-23,"7,8,9,12,13,17,18,19",weekday,34
U0605,frequent,2022-09-01,"9,10,11,12,13,14,15,16,17,18,19,20",all,39
U0606,periodic,2023-09-30,"7,8,17,18,19",weekend,12
U0607,periodic,2024-09-16,"7,8,17,18,19",weekday,7
U0608,periodic,2023-07-20,"10,11,12,13,14,15,16",weekday,9
U0609,periodic,2024-10-14,"10,11,12,13,14,15,16",weekend,12
U0610,periodic,2024-04-22,"7,8,17,18,19",all,12
U0611,frequent,2024-01-25,"7,8,9,17,18,19",weekday,34
U0612,rare,2022-05-05,"7,8,9",weekend,1
U0613,periodic,2024-12-14,"10,11,12,13,14,15,16",all,10
U0614,frequent,2024-01-02,"7,8,9,12,13,17,18,19",all,33
U0615,rare,2023-03-15,"7,8,9",weekend,2
U0616,rare,2024-11-30,"7,8,9",weekday,4
U0617,frequent,2023-05-16,"7,8,9,12,13,17,18,19",all,23
U0618,periodic,2024-03-03,"10,11,12,13,14,15,16",all,10
U0619,rare,2023-08-19,"7,8,9",weekday,2
U0620,rare,2024-02-03,"16,17,18,19,20",weekend,1
U0621,frequent,2023-10-01,"7,8,9,17,18,19",weekday,12
U0622,periodic,2023-09-24,"7,8,17,18,19",all,6
U0623,periodic,2022-03-28,"10,11,12,13,14,15,16",weekend,12
U0624,periodic,2025-01-29,"10,11,12,13,14,15,16",weekend,11
U0625,periodic,2023-04-03,"10,11,12,13,14,15,16",all,11
U0626,periodic,2022-08-30,"10,11,12,13,14,15,16",weekday,6
U0627,periodic,2023-07-15,"10,11,12,13,14,15,16",weekday,5
U0628,rare,2024-06-17,"7,8,9",weekend,4
U0629,frequent,2024-12-02,"7,8,9,12,13,17,18,19",weekday,22
U0630,periodic,2023-07-13,"7,8,17,18,19",weekend,7
U0631,rare,2024-11-07,"10,11,12,13,14",weekday,3
U0632,rare,2024-12-07,"16,17,18,19,20",weekend,3
U0633,periodic,2024-09-10,"7,8,17,18,19",weekday,4
U0634,periodic,2022-04-12,"10,11,12,13,14,15,16",weekend,12
U0635,frequent,2022-09-14,"7,8,9,17,18,19",all,19
U0636,periodic,2023-10-31,"10,11,12,13,14,15,16",weekday,12
U0637,periodic,2023-06-04,"10,11,12,13,14,15,16",weekend,10
U0638,periodic,2024-06-13,"10,11,12,13,14,15,16",all,10
U0639,periodic,2023-07-19,"10,11,12,13,14,15,16",weekend,7
U0640,periodic,2023-11-25,"10,11,12,13,14,15,16",weekend,5
U0641,frequent,2024-04-01,"7,8,9,17,18,19",weekday,26
U0642,periodic,2024-11-01,"7,8,17,18,19",weekday,11
U0643,periodic,2025-02-27,"7,8,17,18,19",weekend,11
U0644,periodic,2024-02-10,"7,8,17,18,19",weekday,5
U0645,frequent,2024-07-26,"9,10,11,12,13,14,15,16,17,18,19,20",weekday,39
U0646,rare,2024-01-14,"7,8,9",weekend,4
U0647,periodic,2024-02-26,"10,11,12,13,14,15,16",weekend,11
U0648,periodic,2024-09-22,"7,8,17,18,19",weekday,9
U0649,rare,2023-09-13,"16,17,18,19,20",weekend,1
U0650,periodic,2023-11-25,"7,8,17,18,19",weekday,11
U0651,frequent,2023-08-04,"7,8,9,12,13,17,18,19",all,35
U0652,periodic,2023-06-23,"10,11,12,13,14,15,16",weekend,4
U0653,periodic,2022-11-10,"10,11,12,13,14,15,16",all,5
U0654,rare,2023-04-06,"16,17,18,19,20",weekend,4
U0655,periodic,2023-12-14,"7,8,17,18,19",all,10
U0656,frequent,2022-11-07,"9,10,11,12,13,14,15,16,17,18,19,20",weekday,13
U0657,periodic,2023-03-22,"10,11,12,13,14,15,16",weekend,12
U0658,periodic,2023-04-04,"10,11,12,13,14,15,16",weekend,12
U0659,periodic,2023-05-25,"10,11,12,13,14,15,16",all,4
U0660,periodic,2024-11-23,"10,11,12,13,14,15,16",weekend,5
U0661,periodic,2023-09-25,"7,8,17,18,19",weekday,8
U0662,rare,2025-02-14,"7,8,9",weekday,2
U0663,periodic,2023-10-08,"7,8,17,18,19",weekend,11
U0664,periodic,2022-09-29,"10,11,12,13,14,15,16",weekday,9
U0665,frequent,2023-04-09,"7,8,9,17,18,19",weekday,23
U0666,frequent,2023-11-04,"7,8,9,12,13,17,18,19",weekday,38
U0667,periodic,2023-06-16,"7,8,17,18,19",weekday,4
U0668,frequent,2024-03-16,"7,8,9,12,13,17,18,19",all,38
U0669,frequent,2023-03-10,"7,8,9,17,18,19",weekday,19
U0670,periodic,2023-11-17,"7,8,17,18,19",weekend,11
U0671,frequent,2022-04-05,"7,8,9,12,13,17,18,19",weekday,22
U0672,rare,2025-03-05,"10,11,12,13,14",weekday,4
U0673,frequent,2022-11-22,"7,8,9,12,13,17,18,19",weekday,34
U0674,periodic,2023-09-20,"7,8,17,18,19",weekend,9
U0675,periodic,2022-06-09,"10,11,12,13,14,15,16",all,11
U0676,rare,2022-06-27,"7,8,9",weekday,1
U0677,frequent,2023-10-27,"7,8,9,17,18,19",weekday,15
U0678,periodic,2022-11-21,"10,11,12,13,14,15,16",weekday,7
U0679,rare,2024-12-07,"10,11,12,13,14",weekday,1
U0680,rare,2022-10-04,"16,17,18,19,20",weekend,3
U0681,rare,2022-04-02,"16,17,18,19,20",all,3
U0682,periodic,2023-10-11,"7,8,17,18,19",all,8
U0683,frequent,2024-10-24,"7,8,9,12,13,17,18,19",all,29
U0684,periodic,2024-11-12,"7,8,17,18,19",all,12
U0685,rare,2024-08-26,"10,11,12,13,14",weekend,3
U0686,periodic,2024-02-03,"7,8,17,18,19",weekday,5
U0687,periodic,2023-03-20,"10,11,12,13,14,15,16",all,4
U0688,periodic,2022-06-21,"10,11,12,13,14,15,16",weekday,6
U0689,rare,2023-08-07,"10,11,12,13,14",weekday,4
U0690,frequent,2024-11-10,"7,8,9,12,13,17,18,19",weekday,16
U0691,periodic,2022-10-27,"7,8,17,18,19",weekend,10
U0692,periodic,2022-07-19,"7,8,17,18,19",all,5
U0693,periodic,2024-06-05,"10,11,12,13,14,15,16",all,8
U0694,periodic,2024-12-09,"7,8,17,18,19",all,7
U0695,frequent,2022-08-06,"7,8,9,12,13,17,18,19",weekday,18
U0696,periodic,2022-06-25,"10,11,12,13,14,15,16",weekend,5
U0697,periodic,2023-01-12,"7,8,17,18,19",weekday,10
U0698,periodic,2023-01-07,"7,8,17,18,19",all,7
U0699,frequent,2023-11-20,"7,8,9,12,13,17,18,19",all,26
U0700,periodic,2022-08-29,"7,8,17,18,19",weekend,7
U0701,periodic,2023-07-29,"7,8,17,18,19",all,9
U0702,frequent,2022-11-05,"7,8,9,12,13,17,18,19",all,15
U0703,periodic,2024-07-07,"10,11,12,13,14,15,16",weekday,10
U0704,frequent,2023-06-13,"7,8,9,12,13,17,18,19",weekday,13
U0705,frequent,2025-02-10,"7,8,9,12,13,17,18,19",weekday,32
U0706,rare,2024-04-25,"7,8,9",weekend,1
U0707,periodic,2024-09-15,"10,11,12,13,14,15,16",weekend,11
U0708,rare,2024-08-30,"7,8,9",weekday,4
U0709,periodic,2023-11-06,"7,8,17,18,19",weekend,12
U0710,periodic,2024-08-02,"7,8,17,18,19",weekend,6
U0711,rare,2023-11-23,"7,8,9",weekend,4
U0712,periodic,2022-07-09,"10,11,12,13,14,15,16",weekday,4
U0713,periodic,2022-09-27,"7,8,17,18,19",weekend,12
U0714,periodic,2023-05-07,"7,8,17,18,19",all,4
U0715,periodic,2023-05-14,"7,8,17,18,19",weekday,12
U0716,rare,2023-08-31,"7,8,9",weekend,4
U0717,rare,2022-08-21,"10,11,12,13,14",weekend,4
U0718,rare,2023-01-23,"7,8,9",weekend,2
U0719,frequent,2023-07-12,"7,8,9,12,13,17,18,19",weekday,34
U0720,rare,2023-02-26,"10,11,12,13,14",weekday,2
U0721,rare,2022-08-08,"7,8,9",weekday,2
U0722,frequent,2023-01-22,"7,8,9,12,13,17,18,19",weekday,15
U0723,frequent,2022-03-13,"7,8,9,17,18,19",all,24
U0724,rare,2024-06-21,"10,11,12,13,14",weekend,3
U0725,periodic,2024-09-15,"7,8,17,18,19",weekend,12
U0726,rare,2024-10-25,"7,8,9",weekend,4
U0727,frequent,2023-10-25,"7,8,9,17,18,19",all,25
U0728,rare,2022-05-13,"16,17,18,19,20",weekend,2
U0729,periodic,2023-06-25,"10,11,12,13,14,15,16",weekday,8
U0730,frequent,2023-10-19,"7,8,9,17,18,19",weekday,24
U0731,frequent,2023-10-08,"7,8,9,12,13,17,18,19",all,22
U0732,rare,2024-09-22,"7,8,9",all,3
U0733,periodic,2022-07-31,"7,8,17,18,19",weekday,11
U0734,periodic,2023-06-29,"7,8,17,18,19",weekend,6
U0735,periodic,2023-08-31,"7,8,17,18,19",weekday,6
U0736,rare,2023-04-17,"7,8,9",weekend,4
U0737,periodic,2024-07-25,"10,11,12,13,14,15,16",all,12
U0738,rare,2022-10-29,"7,8,9",weekend,3
U0739,periodic,2023-06-11,"10,11,12,13,14,15,16",weekday,12
U0740,periodic,2023-01-07,"10,11,12,13,14,15,16",all,9
U0741,periodic,2023-09-03,"7,8,17,18,19",weekend,12
U0742,periodic,2022-12-24,"10,11,12,13,14,15,16",weekday,7
U0743,rare,2022-08-01,"7,8,9",weekend,2
U0744,periodic,2022-07-08,"10,11,12,13,14,15,16",weekday,7
U0745,periodic,2023-02-10,"10,11,12,13,14,15,16",weekday,8
U0746,rare,2023-11-27,"7,8,9",weekend,3
U0747,periodic,2023-10-20,"7,8,17,18,19",all,6
U0748,periodic,2024-08-23,"7,8,17,18,19",weekday,6
U0749,rare,2022-11-17,"16,17,18,19,20",weekday,3
U0750,periodic,2024-10-22,"7,8,17,18,19",weekend,5
U0751,frequent,2023-11-20,"7,8,9,17,18,19",all,36
U0752,rare,2024-06-09,"16,17,18,19,20",all,3
U0753,periodic,2023-09-16,"7,8,17,18,19",weekend,12
U0754,periodic,2024-12-26,"10,11,12,13,14,15,16",weekday,11
U0755,frequent,2024-12-13,"9,10,11,12,13,14,15,16,17,18,19,20",weekday,30
U0756,rare,2024-08-20,"16,17,18,19,20",weekend,4
U0757,periodic,2022-08-19,"7,8,17,18,19",weekday,12
U0758,periodic,2022-05-28,"7,8,17,18,19",weekend,8
U0759,rare,2024-08-08,"7,8,9",weekend,4
U0760,rare,2023-12-28,"7,8,9",weekend,1
U0761,frequent,2023-08-02,"7,8,9,12,13,17,18,19",weekday,28
U0762,periodic,2022-04-29,"10,11,12,13,14,15,16",weekend,5
U0763,periodic,2022-09-11,"7,8,17,18,19",weekend,4
U0764,rare,2023-06-19,"7,8,9",weekend,4
U0765,frequent,2022-04-19,"7,8,9,17,18,19",weekday,16
U0766,periodic,2023-09-10,"7,8,17,18,19",weekday,4
U0767,rare,2022-05-29,"7,8,9",weekday,1
U0768,rare,2023-03-01,"16,17,18,19,20",weekend,2
U0769,periodic,2024-10-26,"7,8,17,18,19",weekend,8
U0770,rare,2025-02-02,"16,17,18,19,20",weekend,2
U0771,frequent,2024-08-29,"9,10,11,12,13,14,15,16,17,18,19,20",weekday,21
U0772,rare,2023-09-28,"10,11,12,13,14",weekday,3
U0773,frequent,2023-03-14,"7,8,9,12,13,17,18,19",all,16
U0774,periodic,2024-08-16,"7,8,17,18,19",weekday,4
U0775,rare,2024-12-09,"10,11,12,13,14",all,3
U0776,frequent,2022-09-10,"7,8,9,12,13,17,18,19",all,18
U0777,periodic,2024-10-25,"7,8,17,18,19",all,12
U0778,rare,2024-02-18,"7,8,9",weekend,1
U0779,rare,2024-06-21,"16,17,18,19,20",weekend,3
U0780,periodic,2024-01-19,"10,11,12,13,14,15,16",weekday,11
U0781,periodic,2023-12-25,"7,8,17,18,19",weekend,5
U0782,periodic,2022-10-08,"10,11,12,13,14,15,16",weekend,12
U0783,periodic,2023-01-31,"7,8,17,18,19",weekday,7
U0784,periodic,2024-01-12,"10,11,12,13,14,15,16",weekday,12
U0785,frequent,2024-06-28,"7,8,9,17,18,19",all,24
U0786,rare,2024-12-16,"10,11,12,13,14",weekend,2
U0787,periodic,2023-10-19,"10,11,12,13,14,15,16",weekday,12
U0788,periodic,2024-06-05,"7,8,17,18,19",all,8
U0789,periodic,2022-05-22,"10,11,12,13,14,15,16",weekend,4
U0790,rare,2024-09-24,"10,11,12,13,14",all,4
U0791,frequent,2022-09-04,"7,8,9,12,13,17,18,19",weekday,24
U0792,periodic,2023-12-12,"10,11,12,13,14,15,16",all,10
U0793,periodic,2023-08-06,"10,11,12,13,14,15,16",weekday,9
U0794,periodic,2023-12-30,"7,8,17,18,19",all,12
U0795,frequent,2022-10-31,"7,8,9,17,18,19",weekday,13
U0796,rare,2024-06-12,"16,17,18,19,20",weekend,1
U0797,rare,2025-01-24,"7,8,9",weekday,3
U0798,periodic,2022-03-10,"7,8,17,18,19",all,7
U0799,periodic,2024-10-09,"7,8,17,18,19",all,11
U0800,rare,2024-07-01,"16,17,18,19,20",weekend,2
U0801,rare,2022-06-27,"7,8,9",weekday,3
U0802,frequent,2023-03-27,"7,8,9,12,13,17,18,19",weekday,36
U0803,periodic,2025-02-01,"10,11,12,13,14,15,16",weekend,12
U0804,periodic,2024-03-17,"7,8,17,18,19",weekend,7
U0805,periodic,2024-12-22,"7,8,17,18,19",weekend,7
U0806,rare,2024-08-29,"10,11,12,13,14",all,3
U0807,rare,2022-06-21,"7,8,9",weekend,4
U0808,rare,2023-04-28,"7,8,9",weekend,2
U0809,periodic,2023-09-05,"10,11,12,13,14,15,16",weekday,5
U0810,frequent,2022-12-01,"7,8,9,17,18,19",all,17
U0811,rare,2023-10-18,"10,11,12,13,14",weekend,2
U0812,rare,2024-08-21,"16,17,18,19,20",weekday,1
U0813,frequent,2024-11-24,"9,10,11,12,13,14,15,16,17,18,19,20",weekday,24
U0814,rare,2022-11-11,"10,11,12,13,14",weekend,1
U0815,rare,2022-05-06,"10,11,12,13,14",weekend,4
U0816,periodic,2023-07-11,"7,8,17,18,19",weekend,8
U0817,periodic,2023-01-26,"10,11,12,13,14,15,16",weekday,12
U0818,periodic,2023-12-04,"10,11,12,13,14,15,16",all,8
U0819,frequent,2022-04-05,"9,10,11,12,13,14,15,16,17,18,19,20",weekday,16
U0820,periodic,2024-06-20,"7,8,17,18,19",weekday,6
U0821,rare,2022-09-14,"16,17,18,19,20",weekend,3
U0822,frequent,2023-06-11,"9,10,11,12,13,14,15,16,17,18,19,20",weekday,12
U0823,periodic,2022-10-26,"10,11,12,13,14,15,16",weekday,9
U0824,periodic,2024-10-08,"7,8,17,18,19",weekday,11
U0825,periodic,2022-11-03,"10,11,12,13,14,15,16",weekday,6
U0826,rare,2023-01-17,"16,17,18,19,20",all,1
U0827,periodic,2024-12-22,"10,11,12,13,14,15,16",all,6
U0828,periodic,2023-10-26,"7,8,17,18,19",all,9
U0829,rare,2025-01-13,"7,8,9",weekday,1
U0830,periodic,2023-09-18,"7,8,17,18,19",weekend,8
U0831,periodic,2024-07-05,"7,8,17,18,19",weekday,11
U0832,periodic,2024-11-20,"10,11,12,13,14,15,16",weekday,12
U0833,frequent,2024-10-30,"7,8,9,12,13,17,18,19",all,23
U0834,frequent,2023-07-20,"7,8,9,17,18,19",all,14
U0835,periodic,2024-09-28,"10,11,12,13,14,15,16",weekend,9
U0836,periodic,2022-12-29,"7,8,17,18,19",all,12
U0837,rare,2024-05-01,"7,8,9",weekend,2
U0838,periodic,2023-04-02,"10,11,12,13,14,15,16",weekend,6
U0839,periodic,2025-01-11,"10,11,12,13,14,15,16",weekend,12
U0840,periodic,2022-12-12,"7,8,17,18,19",weekday,5
U0841,frequent,2022-07-28,"7,8,9,17,18,19",weekday,37
U0842,periodic,2023-09-24,"10,11,12,13,14,15,16",weekend,12
U0843,frequent,2024-07-04,"9,10,11,12,13,14,15,16,17,18,19,20",all,17
U0844,rare,2024-02-02,"16,17,18,19,20",weekend,4
U0845,frequent,2025-01-10,"9,10,11,12,13,14,15,16,17,18,19,20",weekday,29
U0846,periodic,2023-09-06,"7,8,17,18,19",weekday,12
U0847,frequent,2022-03-13,"7,8,9,17,18,19",weekday,24
U0848,rare,2023-10-08,"10,11,12,13,14",weekday,1
U0849,periodic,2023-11-09,"7,8,17,18,19",weekday,9
U0850,periodic,2024-12-04,"10,11,12,13,14,15,16",weekday,7
U0851,frequent,2023-01-06,"9,10,11,12,13,14,15,16,17,18,19,20",weekday,40
U0852,rare,2024-09-07,"10,11,12,13,14",weekday,2
U0853,periodic,2024-11-23,"10,11,12,13,14,15,16",weekday,9
U0854,rare,2024-02-12,"10,11,12,13,14",weekend,3
U0855,periodic,2024-01-17,"10,11,12,13,14,15,16",weekend,9
U0856,frequent,2024-04-18,"7,8,9,12,13,17,18,19",weekday,21
U0857,frequent,2024-09-25,"7,8,9,17,18,19",weekday,18
U0858,periodic,2023-12-27,"10,11,12,13,14,15,16",all,12
U0859,periodic,2023-03-29,"10,11,12,13,14,15,16",weekday,11
U0860,frequent,2023-07-10,"7,8,9,17,18,19",weekday,29
U0861,rare,2024-04-30,"16,17,18,19,20",weekend,1
U0862,periodic,2023-06-29,"10,11,12,13,14,15,16",weekday,5
U0863,periodic,2024-06-26,"10,11,12,13,14,15,16",weekday,9
U0864,periodic,2022-06-05,"7,8,17,18,19",weekday,11
U0865,periodic,2023-12-19,"7,8,17,18,19",weekday,7
U0866,periodic,2024-10-31,"7,8,17,18,19",all,7
U0867,frequent,2024-04-26,"7,8,9,17,18,19",weekday,13
U0868,frequent,2024-05-06,"7,8,9,12,13,17,18,19",weekday,33
U0869,rare,2023-01-13,"16,17,18,19,20",all,3
U0870,rare,2024-12-16,"7,8,9",weekend,4
U0871,periodic,2022-05-22,"10,11,12,13,14,15,16",weekend,5
U0872,periodic,2022-11-21,"7,8,17,18,19",weekday,10
U0873,periodic,2024-12-30,"10,11,12,13,14,15,16",weekday,8
U0874,periodic,2024-01-16,"10,11,12,13,14,15,16",all,12
U0875,frequent,2022-09-29,"9,10,11,12,13,14,15,16,17,18,19,20",weekday,35
U0876,frequent,2024-08-25,"7,8,9,12,13,17,18,19",all,21
U0877,rare,2022-09-28,"7,8,9",weekend,1
U0878,periodic,2025-02-17,"7,8,17,18,19",weekend,12
U0879,frequent,2024-09-28,"9,10,11,12,13,14,15,16,17,18,19,20",weekday,38
U0880,periodic,2022-04-08,"7,8,17,18,19",weekday,9
U0881,periodic,2022-12-28,"7,8,17,18,19",weekend,12
U0882,periodic,2024-06-24,"7,8,17,18,19",weekday,12
U0883,frequent,2023-01-18,"7,8,9,12,13,17,18,19",all,26
U0884,frequent,2022-08-08,"7,8,9,12,13,17,18,19",weekday,27
U0885,rare,2024-10-24,"10,11,12,13,14",weekend,1
U0886,frequent,2023-09-01,"9,10,11,12,13,14,15,16,17,18,19,20",weekday,21
U0887,periodic,2024-01-30,"10,11,12,13,14,15,16",all,7
U0888,periodic,2024-05-30,"7,8,17,18,19",all,9
U0889,frequent,2022-08-19,"9,10,11,12,13,14,15,16,17,18,19,20",weekday,28
U0890,periodic,2024-01-09,"10,11,12,13,14,15,16",all,5
U0891,rare,2025-03-04,"7,8,9",weekend,1
U0892,rare,2024-04-24,"10,11,12,13,14",weekend,2
U0893,rare,2023-12-16,"10,11,12,13,14",weekend,1
U0894,periodic,2024-12-01,"10,11,12,13,14,15,16",weekday,5
U0895,periodic,2022-05-20,"7,8,17,18,19",weekday,7
U0896,periodic,2022-07-26,"10,11,12,13,14,15,16",weekend,7
U0897,periodic,2023-07-01,"10,11,12,13,14,15,16",weekend,10
U0898,rare,2023-10-17,"7,8,9",weekend,1
U0899,frequent,2023-06-16,"7,8,9,12,13,17,18,19",weekday,18
U0900,frequent,2022-09-09,"9,10,11,12,13,14,15,16,17,18,19,20",all,29
U0901,periodic,2024-08-12,"10,11,12,13,14,15,16",all,10
U0902,frequent,2022-09-25,"7,8,9,12,13,17,18,19",weekday,32
U0903,frequent,2022-09-29,"7,8,9,12,13,17,18,19",all,38
U0904,periodic,2024-09-01,"7,8,17,18,19",all,5
U0905,periodic,2023-02-11,"10,11,12,13,14,15,16",weekday,6
U0906,rare,2023-11-11,"10,11,12,13,14",all,1
U0907,rare,2022-05-06,"16,17,18,19,20",weekend,4
U0908,periodic,2022-06-10,"10,11,12,13,14,15,16",weekend,9
U0909,periodic,2024-01-01,"10,11,12,13,14,15,16",weekend,4
U0910,periodic,2022-06-30,"10,11,12,13,14,15,16",all,5
U0911,periodic,2023-10-29,"10,11,12,13,14,15,16",all,5
U0912,periodic,2024-03-11,"10,11,12,13,14,15,16",weekend,4
U0913,periodic,2024-04-13,"7,8,17,18,19",weekend,6
U0914,periodic,2024-08-06,"7,8,17,18,19",weekend,8
U0915,periodic,2022-12-31,"10,11,12,13,14,15,16",weekday,12
U0916,periodic,2023-07-21,"7,8,17,18,19",weekday,5
U0917,periodic,2025-02-27,"7,8,17,18,19",weekend,7
U0918,rare,2024-06-28,"16,17,18,19,20",weekend,3
U0919,rare,2023-03-11,"10,11,12,13,14",weekend,4
U0920,frequent,2023-02-19,"7,8,9,17,18,19",all,24
U0921,rare,2023-03-01,"10,11,12,13,14",weekend,4
U0922,periodic,2022-08-16,"7,8,17,18,19",weekend,10
U0923,rare,2024-04-29,"7,8,9",weekend,4
U0924,rare,2023-07-14,"7,8,9",weekday,3
U0925,periodic,2024-12-21,"7,8,17,18,19",weekday,4
U0926,frequent,2022-12-26,"7,8,9,12,13,17,18,19",weekday,24
U0927,periodic,2023-06-26,"10,11,12,13,14,15,16",all,5
U0928,periodic,2024-10-07,"7,8,17,18,19",weekday,12
U0929,periodic,2023-08-10,"10,11,12,13,14,15,16",weekend,4
U0930,periodic,2024-10-04,"10,11,12,13,14,15,16",all,5
U0931,frequent,2023-08-12,"9,10,11,12,13,14,15,16,17,18,19,20",all,36
U0932,rare,2022-03-27,"7,8,9",weekday,1
U0933,rare,2024-10-15,"10,11,12,13,14",weekday,1
U0934,periodic,2023-10-18,"7,8,17,18,19",all,9
U0935,frequent,2023-01-25,"7,8,9,17,18,19",all,28
U0936,periodic,2022-08-06,"7,8,17,18,19",weekend,5
U0937,frequent,2024-08-28,"7,8,9,17,18,19",weekday,21
U0938,rare,2024-02-13,"7,8,9",weekday,3
U0939,frequent,2023-11-10,"9,10,11,12,13,14,15,16,17,18,19,20",weekday,31
U0940,periodic,2024-07-23,"7,8,17,18,19",all,5
U0941,periodic,2023-08-02,"7,8,17,18,19",weekend,8
U0942,periodic,2024-09-28,"7,8,17,18,19",all,11
U0943,periodic,2023-11-16,"10,11,12,13,14,15,16",all,10
U0944,rare,2023-04-19,"7,8,9",weekend,4
U0945,periodic,2024-05-03,"7,8,17,18,19",all,4
U0946,frequent,2024-11-21,"7,8,9,17,18,19",weekday,27
U0947,frequent,2022-10-12,"7,8,9,12,13,17,18,19",all,17
U0948,rare,2023-07-06,"10,11,12,13,14",weekday,2
U0949,rare,2024-04-27,"16,17,18,19,20",weekend,2
U0950,periodic,2024-03-12,"10,11,12,13,14,15,16",weekday,10
U0951,periodic,2023-11-03,"7,8,17,18,19",weekend,12
U0952,periodic,2023-11-02,"7,8,17,18,19",all,8
U0953,frequent,2022-04-21,"7,8,9,12,13,17,18,19",weekday,32
U0954,rare,2024-05-26,"7,8,9",weekend,2
U0955,periodic,2023-09-21,"7,8,17,18,19",weekday,8
U0956,periodic,2022-03-24,"7,8,17,18,19",weekday,9
U0957,periodic,2022-06-16,"10,11,12,13,14,15,16",weekday,4
U0958,frequent,2024-12-19,"7,8,9,17,18,19",weekday,29
U0959,frequent,2023-10-15,"7,8,9,12,13,17,18,19",weekday,39
U0960,rare,2023-06-22,"7,8,9",weekend,2
U0961,frequent,2024-02-27,"7,8,9,17,18,19",weekday,15
U0962,periodic,2023-05-30,"10,11,12,13,14,15,16",all,4
U0963,periodic,2023-04-01,"10,11,12,13,14,15,16",weekday,4
U0964,periodic,2023-08-03,"10,11,12,13,14,15,16",weekday,10
U0965,periodic,2022-12-13,"7,8,17,18,19",weekend,12
U0966,periodic,2022-09-22,"7,8,17,18,19",all,12
U0967,rare,2022-05-27,"10,11,12,13,14",weekend,1
U0968,periodic,2023-11-30,"10,11,12,13,14,15,16",weekend,8
U0969,periodic,2024-08-26,"7,8,17,18,19",weekday,7
U0970,periodic,2022-05-15,"10,11,12,13,14,15,16",weekday,9
U0971,periodic,2024-03-24,"7,8,17,18,19",weekday,7
U0972,rare,2022-12-02,"7,8,9",weekend,4
U0973,rare,2022-09-08,"16,17,18,19,20",weekday,2
U0974,periodic,2023-11-02,"7,8,17,18,19",all,6
U0975,frequent,2024-01-06,"7,8,9,12,13,17,18,19",all,17
U0976,periodic,2024-07-05,"10,11,12,13,14,15,16",weekday,7
U0977,periodic,2023-03-02,"7,8,17,18,19",weekend,8
U0978,frequent,2023-04-23,"9,10,11,12,13,14,15,16,17,18,19,20",all,18
U0979,periodic,2022-12-03,"7,8,17,18,19",all,5
U0980,periodic,2024-03-26,"10,11,12,13,14,15,16",weekend,6
U0981,periodic,2025-02-27,"10,11,12,13,14,15,16",all,4
U0982,rare,2024-12-29,"7,8,9",weekend,4
U0983,frequent,2023-09-17,"9,10,11,12,13,14,15,16,17,18,19,20",weekday,32
U0984,frequent,2023-02-07,"9,10,11,12,13,14,15,16,17,18,19,20",weekday,29
U0985,rare,2023-08-16,"10,11,12,13,14",weekend,1
U0986,periodic,2024-11-18,"7,8,17,18,19",weekend,8
U0987,periodic,2023-11-02,"10,11,12,13,14,15,16",all,5
U0988,periodic,2024-01-30,"10,11,12,13,14,15,16",weekend,8
U0989,periodic,2022-10-29,"7,8,17,18,19",all,5
U0990,rare,2024-10-22,"7,8,9",weekend,2
U0991,rare,2022-08-09,"7,8,9",all,4
U0992,periodic,2022-12-21,"10,11,12,13,14,15,16",weekday,9
U0993,periodic,2023-06-13,"7,8,17,18,19",all,9
U0994,periodic,2024-05-29,"7,8,17,18,19",all,6
U0995,periodic,2024-03-26,"10,11,12,13,14,15,16",weekday,7
U0996,frequent,2022-09-08,"7,8,9,17,18,19",weekday,15
U0997,rare,2024-05-24,"7,8,9",all,3
U0998,frequent,2022-04-05,"7,8,9,17,18,19",weekday,31
U0999,rare,2023-08-31,"16,17,18,19,20",all,1
U1000,periodic,2022-11-16,"7,8,17,18,19",all,7
